"prompt","answer"
"设全集 $U=\{1，2，3，4，5\}$ ，集合 $A=\{2，4\}$ ，求 $\bar{A}$ ？","$\{1，3，5\}$"
"已知 $f(x) = \begin{cases}\sqrt{x}， x > 0 \\1， x \leq 0\end{cases}$ ， $f(3)=$ ？","$\sqrt{3}$"
"已知 $x \in R$ ， $x^2 - 2x - 3 < 0$ 的解集为？","$(-1，3)$"
"已知 $F(x) = x^3 + a$ ，已知 $F(x)$ 是奇函数， $x \in R$ ， $a=$ ？","$0$"
"已知 $k \in R$ ， $\vec{a}=(2，5)$ ， $\vec{b}=(6，k)$ ， $\vec{a}//\vec{b}$ ，则 $k$ 的值为？","$15$"
"在 $(x+1)^n$ 的二项展开式中，若各项系数和为 32，则 $x^2$ 项的系数为？","$10$"
"已知抛物线 $y^2=4x$ 上有一点 $P$ 到准线的距离为 9， 那么 $P$ 到 $x$ 轴的距离为？","$4\sqrt{2}$"
"某校举办科学竞技比赛，有 $A$ ， $B$ ， $C$ 三种题库， $A$ 题库有 5000 道题， $B$ 题库有 4000 道题， $C$ 题库有 3000 道题。小申已完成所有题，他 $A$ 题库的正确率是 0。92，B 题库的正确率是 0。86，C 题库的正确率是 0。72。现他从所有的题中随即选一题，正确率是？","$\frac{17}{20}$"
"已知虚数 $z$ ，其实部为 1，且 $z+\frac{2}{z}=m(m \in R)$ ，则实数 $m$ 为？","$2$"
"设集合 $A$ 中的元素皆为无重复数字的三位正整数，且元素中任意两者之积皆为偶数，求集合中元素个数的最大值？","$329$"
"已知 $A$ 在 $O$ 正东方向， $B$ 在 $O$ 的正北方向， $O$ 到 $A$ 、 $B$ 距离相等，角 $BTO=16。5^\circ$ ，角 $ATO=37^\circ$ ，则角 $BOT=$ (精确到 0。1 度)？","$7。8^\circ$"
"等比数列 $\{a_n\}$ 首项 $a_1>0$ ， $q>1$ ，记 $\ln=\{x-y|x，y\in[a_1，a_2]\cup[a_n，a_{n+1}]\}$ ，若对任意正整数 $n$ ， $\ln$ 是闭区间，则 $q$ 的范围是？","$[2，+\infty)$"
"已知气温温度和海水表层温度相关，且相关系数为正数，对此描述正确的是？ A.气候温度高，海水表层温度就高 B.气候温度高，海水表层温度就低 C.随着气候温度由低到高，海水表层温度呈上升趋势 D.随着气候温度由低到高，海水表层温度呈下降趋势","C"
"下列函数 $f(x)$ 的最小正周期是 $2\pi$ 的是？ A.$\sin x + \cos x$ B.$\sin x \cos x$ C.$\sin^2 x+\cos^2 x$ D.$\sin^2 x-\cos^2 x$","A"
"定义一个集合 $\Omega$ ，集合元素是空间内的点集，任取 $P_1， P_2， P_3 \in \Omega$ ，存在不完全为 0 的实数 $\lambda_1， \lambda_2， \lambda_3$ ，使得 $\lambda_1 OP_1 + \lambda_2 OP_2 + \lambda_3 OP_3 = 0$ 。 已知 $(1，0，0) \in \Omega$ ，则 $(0，0，1) \not\in \Omega$ 的充分条件是？ A.$(0，0，0)$ B.$(-1，0，0)$ C.$(0，1，0)$ D.$(0，0，-1)$","C"
"定义集合 $M=\{x_0|x_0 \in R， X \in (-\infty， X_0)， f(x) < f(x_0)\}$ ，在是的 $M=[-1，1]$ 的所有 $f(x)$ 中，下列成立的是？ A.$f(x)$ 是偶函数 B.$f(x)$ 在 $x=2$ 处取最大值 C.$f(x)$ 严格增 D.$f(x)$ 在 $x=-1$ 处取到极小值","D"
"如图为正四棱锥 $P-ABCD$ ， $O$ 为底面 $ABCD$ 的中心。(1)若 $AP = 5$ ， $AD=3√2$ ，求 $\triangle POA$ 绕 $PO$ 旋转一周形成的几何体的体积？(2)若 $AP=AD$ ， $E$ 为 $PB$ 的中点，求直线 $BD$ 与平面 $AEC$ 所成角的大小？","(1) $12\pi$ (2) $\frac{\pi}{4}$"
"若 $f(x)=\log_a x(a>0， a \neq 1)$ 。(1) $y=f(x)$ 过 $(4，2)$ ，求 $f(2x-2)<f(x)$ 的解集？(2)存在 $x$ 使得 $f(x+1)$ 、 $f(ax)$ 、 $f(x+2)$ 成等差数列，求 $a$ 的取值范围？","(1) $(1，2)$ (2) $a>1$"
"为了了解某地初中学生体育锻炼时长与学业成绩的关系，从该地区 29000 名学生中抽取 580 人，得到日均体育锻炼时长与学业成绩的数据如下表所示：(1)该地区 29000 名学生中体育锻炼时长大于 1 小时人数约为多少？(2)估计该地区初中生日均体育锻炼的时长(精确到 0。1)？(3)是否有 0。95 的把握认为学业成绩优秀与日均体育锻炼时长不小于 1 小时且小于 2 小时有 $A$ 关？ 附： $\chi^2 = \frac{n(ad-bc)^2}{(a+b)(c+d)(a+c)(b+d)}$ ， $P(\chi^2 \geq 3。841) \approx 0。05$ 。","(1) 12500人 (2) 0。9h (3) 学业成绩与锻炼时长不小于 1 小时且小于 2 小时有关"
"双曲线 $\Gamma: x^2 - \frac{y^2}{b^2} = 1$ ， $(b>0)$ ， $A_1$ ， $A_2$ 为左右定点，过点 $M(-2，0)$ 的直线 $l$ 交双曲线 $T$ 于两点 $P$ 、 $Q$ ，且点 $P$ 在第一象限，(1)若 $e=2$ 时，求 $b$ ？(2)若 $b=\frac{2\sqrt{6}}{3}$ ， $\triangle MA_2P$ 为等腰三角形时，求 $P$ 的坐标？ (3)过点 $Q$ 作 $OQ$ 延长线交 $\Gamma$ 于点 $R$ ，若 $\vec{A_1R} \cdot \vec{A_2P} = 1$ ，求 $b$ 取值范围？","(1) $b=\sqrt{3}$ (2) $P(2，2\sqrt{2})$ (3) $b \in 0， \sqrt{3}$"
"对于一个函数 $f(x)$ 和一个点 $M(a，b)$ ，令 $s(x)=(x-a)^2+(f(x)-b)^2$ ，若 $P(x_0，f(x_0))$ 是 $s(x)$ 取到最小值的点，则称 $P$ 是 $M$ 在 $f(x)$ 的“最近点”。(1)对于 $f(x)=\frac{1}{x}$ ， $D=(0，+\infty)$ ，求证：对于点 $M(1，0)$ ，存在点 $P$ ，使得 $P$ 是在 $M$ 在 $f(x)$ 的“最近点”；(2)对于 $f(x)=e^x$ ， $D=R$ ， $M(1，0$ ，请判断是否存在一个点，它是 $M$ 在 $f(x)$ 最近点，且直线 $MP$ 与 $f(x)$ 在点 $P$ 点处的切线垂直；(3)设 $f(x)$ 存在导函数，且 $g(x)$ 在定义域 $R$ 上恒正，设点 $M_1(t-1，f(t)-g(t))，M_2(t+1，f(t)+g(t))$ 。若对任意的 $t \in R$ ，都存在点 $P$ ，满足 $P$ 是 $M_1$ 的最近点，也是 $M_2$ 的最近点，试求 $f(x)$ 的单调性？","(1) 存在点 $P(1，1)$ 使得 $P$ 是 $M$ 在 $f(x)$ 的最近点 (2) 存在点 $P(0，1)$ 使直线 $MP$ 于 $f(x)$ 在点 $P$ 处的切线垂直 (3)略"
